{
  "project_info": {
    "project_number": "303537616637",
    "firebase_url": "https://thesarathi-9e35e.firebaseio.com",
    "project_id": "thesarathi-9e35e",
    "storage_bucket": "thesarathi-9e35e.appspot.com"
  },
  "client": [
    {
      "client_info": {
        "mobilesdk_app_id": "1:303537616637:android:464b741b187fa4e5faf094",
        "android_client_info": {
          "package_name": "com.thesarathi.thesarathi"
        }
      },
      "oauth_client": [
        {
          "client_id": "303537616637-m0ulijq4jefn8al9s2ugal1jiq1cn396.apps.googleusercontent.com",
          "client_type": 1,
          "android_info": {
            "package_name": "com.thesarathi.thesarathi",
            "certificate_hash": "39a4f27e41f892028f9a8d998e1091cb3d94ab5e"
          }
        },
        {
          "client_id": "303537616637-9phi8msq16mccghmfl0j678ftjf924k1.apps.googleusercontent.com",
          "client_type": 3
        }
      ],
      "api_key": [
        {
          "current_key": "AIzaSyCPEqGjPZH_vq4pMUlJgLi52UNvWkINyYc"
        }
      ],
      "services": {
        "appinvite_service": {
          "other_platform_oauth_client": [
            {
              "client_id": "303537616637-9phi8msq16mccghmfl0j678ftjf924k1.apps.googleusercontent.com",
              "client_type": 3
            }
          ]
        }
      }
    }
  ],
  "configuration_version": "1"
}